DELETE FROM acore_world.spell_proc_event where entry = 1020038;
INSERT INTO acore_world.spell_proc_event (entry, SchoolMask, SpellFamilyName, SpellFamilyMask0, SpellFamilyMask1, SpellFamilyMask2, procFlags, procEx, procPhase, ppmRate, CustomChance, Cooldown) VALUES(1020038, 0, 0, 0, 0, 0, 0, 2, 4, 0.0, 100.0, 1000);

delete from acore_world.spell_script_names where spell_id in (1020064, 1020092, 1030047);
INSERT INTO acore_world.spell_script_names (spell_id, ScriptName) VALUES(1020064, 'spell_warr_relentless_strikes');
INSERT INTO acore_world.spell_script_names (spell_id, ScriptName) VALUES(1030047, 'spell_warr_burning_sweep');
INSERT INTO acore_world.spell_script_names (spell_id, ScriptName) VALUES(1020092, 'aura_warr_relentless_strikes');

delete from acore_world.forge_talents where talentTabId = 1;
INSERT INTO acore_world.forge_talents (spellid, talentTabId, columnIndex, rowIndex, rankCost, minLevel, talentType, numberRanks, preReqType, tabPointReq, nodeType, nodeIndex) VALUES(12294, 1, 5, 1, 1, 10, 0, 1, 1, 0, 0, 1);
INSERT INTO acore_world.forge_talents (spellid, talentTabId, columnIndex, rowIndex, rankCost, minLevel, talentType, numberRanks, preReqType, tabPointReq, nodeType, nodeIndex) VALUES(56636, 1, 4, 2, 1, 10, 0, 1, 1, 0, 0, 2);
INSERT INTO acore_world.forge_talents (spellid, talentTabId, columnIndex, rowIndex, rankCost, minLevel, talentType, numberRanks, preReqType, tabPointReq, nodeType, nodeIndex) VALUES(12658, 1, 6, 2, 1, 10, 0, 1, 1, 0, 0, 3);
INSERT INTO acore_world.forge_talents (spellid, talentTabId, columnIndex, rowIndex, rankCost, minLevel, talentType, numberRanks, preReqType, tabPointReq, nodeType, nodeIndex) VALUES(12963, 1, 3, 3, 1, 10, 0, 1, 1, 0, 0, 4);
INSERT INTO acore_world.forge_talents (spellid, talentTabId, columnIndex, rowIndex, rankCost, minLevel, talentType, numberRanks, preReqType, tabPointReq, nodeType, nodeIndex) VALUES(1020055, 1, 5, 3, 1, 10, 0, 1, 1, 0, 0, 5);
INSERT INTO acore_world.forge_talents (spellid, talentTabId, columnIndex, rowIndex, rankCost, minLevel, talentType, numberRanks, preReqType, tabPointReq, nodeType, nodeIndex) VALUES(1020028, 1, 7, 3, 1, 10, 0, 1, 1, 0, 0, 6);
INSERT INTO acore_world.forge_talents (spellid, talentTabId, columnIndex, rowIndex, rankCost, minLevel, talentType, numberRanks, preReqType, tabPointReq, nodeType, nodeIndex) VALUES(1020059, 1, 2, 4, 1, 10, 0, 1, 1, 0, 0, 7);
INSERT INTO acore_world.forge_talents (spellid, talentTabId, columnIndex, rowIndex, rankCost, minLevel, talentType, numberRanks, preReqType, tabPointReq, nodeType, nodeIndex) VALUES(1020060, 1, 3, 4, 1, 10, 0, 1, 1, 0, 0, 8);
INSERT INTO acore_world.forge_talents (spellid, talentTabId, columnIndex, rowIndex, rankCost, minLevel, talentType, numberRanks, preReqType, tabPointReq, nodeType, nodeIndex) VALUES(1020012, 1, 7, 4, 1, 10, 0, 1, 1, 0, 0, 9);
INSERT INTO acore_world.forge_talents (spellid, talentTabId, columnIndex, rowIndex, rankCost, minLevel, talentType, numberRanks, preReqType, tabPointReq, nodeType, nodeIndex) VALUES(46854, 1, 8, 4, 1, 10, 0, 1, 1, 0, 0, 10);
INSERT INTO acore_world.forge_talents (spellid, talentTabId, columnIndex, rowIndex, rankCost, minLevel, talentType, numberRanks, preReqType, tabPointReq, nodeType, nodeIndex) VALUES(46924, 1, 5, 4, 1, 10, 0, 1, 1, 0, 0, 11);
INSERT INTO acore_world.forge_talents (spellid, talentTabId, columnIndex, rowIndex, rankCost, minLevel, talentType, numberRanks, preReqType, tabPointReq, nodeType, nodeIndex) VALUES(12328, 1, 2, 5, 1, 10, 0, 1, 1, 0, 0, 12);
INSERT INTO acore_world.forge_talents (spellid, talentTabId, columnIndex, rowIndex, rankCost, minLevel, talentType, numberRanks, preReqType, tabPointReq, nodeType, nodeIndex) VALUES(1020062, 1, 4, 5, 1, 10, 0, 1, 1, 0, 0, 13);
INSERT INTO acore_world.forge_talents (spellid, talentTabId, columnIndex, rowIndex, rankCost, minLevel, talentType, numberRanks, preReqType, tabPointReq, nodeType, nodeIndex) VALUES(1020064, 1, 6, 5, 1, 10, 0, 1, 1, 0, 0, 14);
INSERT INTO acore_world.forge_talents (spellid, talentTabId, columnIndex, rowIndex, rankCost, minLevel, talentType, numberRanks, preReqType, tabPointReq, nodeType, nodeIndex) VALUES(29724, 1, 8, 5, 1, 10, 0, 1, 1, 8, 0, 15);
INSERT INTO acore_world.forge_talents (spellid, talentTabId, columnIndex, rowIndex, rankCost, minLevel, talentType, numberRanks, preReqType, tabPointReq, nodeType, nodeIndex) VALUES(1020090, 1, 3, 6, 1, 10, 0, 1, 1, 0, 0, 16);
INSERT INTO acore_world.forge_talents (spellid, talentTabId, columnIndex, rowIndex, rankCost, minLevel, talentType, numberRanks, preReqType, tabPointReq, nodeType, nodeIndex) VALUES(1020011, 1, 5, 6, 1, 10, 0, 1, 1, 8, 0, 17);
INSERT INTO acore_world.forge_talents (spellid, talentTabId, columnIndex, rowIndex, rankCost, minLevel, talentType, numberRanks, preReqType, tabPointReq, nodeType, nodeIndex) VALUES(1020067, 1, 7, 6, 1, 10, 0, 1, 1, 8, 2, 18);
INSERT INTO acore_world.forge_talents (spellid, talentTabId, columnIndex, rowIndex, rankCost, minLevel, talentType, numberRanks, preReqType, tabPointReq, nodeType, nodeIndex) VALUES(1020069, 1, 2, 7, 1, 10, 0, 1, 1, 0, 0, 19);
INSERT INTO acore_world.forge_talents (spellid, talentTabId, columnIndex, rowIndex, rankCost, minLevel, talentType, numberRanks, preReqType, tabPointReq, nodeType, nodeIndex) VALUES(1020009, 1, 6, 7, 1, 10, 0, 2, 1, 8, 0, 20);
INSERT INTO acore_world.forge_talents (spellid, talentTabId, columnIndex, rowIndex, rankCost, minLevel, talentType, numberRanks, preReqType, tabPointReq, nodeType, nodeIndex) VALUES(1020007, 1, 8, 7, 1, 10, 0, 1, 1, 8, 0, 21);
INSERT INTO acore_world.forge_talents (spellid, talentTabId, columnIndex, rowIndex, rankCost, minLevel, talentType, numberRanks, preReqType, tabPointReq, nodeType, nodeIndex) VALUES(1020000, 1, 4, 7, 1, 10, 0, 2, 1, 8, 0, 22);
INSERT INTO acore_world.forge_talents (spellid, talentTabId, columnIndex, rowIndex, rankCost, minLevel, talentType, numberRanks, preReqType, tabPointReq, nodeType, nodeIndex) VALUES(1020071, 1, 2, 8, 1, 10, 0, 1, 1, 0, 0, 23);
INSERT INTO acore_world.forge_talents (spellid, talentTabId, columnIndex, rowIndex, rankCost, minLevel, talentType, numberRanks, preReqType, tabPointReq, nodeType, nodeIndex) VALUES(1020080, 1, 6, 8, 1, 10, 0, 1, 1, 8, 0, 24);
INSERT INTO acore_world.forge_talents (spellid, talentTabId, columnIndex, rowIndex, rankCost, minLevel, talentType, numberRanks, preReqType, tabPointReq, nodeType, nodeIndex) VALUES(1020084, 1, 8, 8, 1, 10, 0, 1, 1, 8, 0, 25);
INSERT INTO acore_world.forge_talents (spellid, talentTabId, columnIndex, rowIndex, rankCost, minLevel, talentType, numberRanks, preReqType, tabPointReq, nodeType, nodeIndex) VALUES(1020077, 1, 5, 8, 1, 10, 0, 1, 1, 8, 0, 26);
INSERT INTO acore_world.forge_talents (spellid, talentTabId, columnIndex, rowIndex, rankCost, minLevel, talentType, numberRanks, preReqType, tabPointReq, nodeType, nodeIndex) VALUES(1020047, 1, 4, 8, 1, 10, 0, 1, 1, 8, 0, 27);
INSERT INTO acore_world.forge_talents (spellid, talentTabId, columnIndex, rowIndex, rankCost, minLevel, talentType, numberRanks, preReqType, tabPointReq, nodeType, nodeIndex) VALUES(1020050, 1, 3, 9, 1, 10, 0, 1, 1, 8, 0, 28);
INSERT INTO acore_world.forge_talents (spellid, talentTabId, columnIndex, rowIndex, rankCost, minLevel, talentType, numberRanks, preReqType, tabPointReq, nodeType, nodeIndex) VALUES(1020052, 1, 5, 9, 1, 10, 0, 1, 1, 8, 2, 29);
INSERT INTO acore_world.forge_talents (spellid, talentTabId, columnIndex, rowIndex, rankCost, minLevel, talentType, numberRanks, preReqType, tabPointReq, nodeType, nodeIndex) VALUES(1020032, 1, 7, 9, 1, 10, 0, 1, 1, 16, 0, 30);
INSERT INTO acore_world.forge_talents (spellid, talentTabId, columnIndex, rowIndex, rankCost, minLevel, talentType, numberRanks, preReqType, tabPointReq, nodeType, nodeIndex) VALUES(1020085, 1, 2, 10, 1, 10, 0, 1, 1, 8, 0, 31);
INSERT INTO acore_world.forge_talents (spellid, talentTabId, columnIndex, rowIndex, rankCost, minLevel, talentType, numberRanks, preReqType, tabPointReq, nodeType, nodeIndex) VALUES(1020038, 1, 4, 10, 1, 10, 0, 1, 1, 8, 0, 32);
INSERT INTO acore_world.forge_talents (spellid, talentTabId, columnIndex, rowIndex, rankCost, minLevel, talentType, numberRanks, preReqType, tabPointReq, nodeType, nodeIndex) VALUES(1020086, 1, 6, 10, 1, 10, 0, 1, 1, 16, 0, 33);
INSERT INTO acore_world.forge_talents (spellid, talentTabId, columnIndex, rowIndex, rankCost, minLevel, talentType, numberRanks, preReqType, tabPointReq, nodeType, nodeIndex) VALUES(1020024, 1, 8, 10, 1, 10, 0, 1, 1, 16, 0, 34);

delete from acore_world.forge_talent_ranks where talentTabId = 1;
INSERT INTO acore_world.forge_talent_ranks (talentSpellId, talentTabId, `rank`, spellId) VALUES(12294, 1, 1, 12294);
INSERT INTO acore_world.forge_talent_ranks (talentSpellId, talentTabId, `rank`, spellId) VALUES(12328, 1, 1, 12328);
INSERT INTO acore_world.forge_talent_ranks (talentSpellId, talentTabId, `rank`, spellId) VALUES(12658, 1, 1, 12658);
INSERT INTO acore_world.forge_talent_ranks (talentSpellId, talentTabId, `rank`, spellId) VALUES(12963, 1, 1, 12963);
INSERT INTO acore_world.forge_talent_ranks (talentSpellId, talentTabId, `rank`, spellId) VALUES(29724, 1, 1, 29724);
INSERT INTO acore_world.forge_talent_ranks (talentSpellId, talentTabId, `rank`, spellId) VALUES(46854, 1, 1, 46854);
INSERT INTO acore_world.forge_talent_ranks (talentSpellId, talentTabId, `rank`, spellId) VALUES(46924, 1, 1, 46924);
INSERT INTO acore_world.forge_talent_ranks (talentSpellId, talentTabId, `rank`, spellId) VALUES(56636, 1, 1, 56636);
INSERT INTO acore_world.forge_talent_ranks (talentSpellId, talentTabId, `rank`, spellId) VALUES(1020000, 1, 1, 1020000);
INSERT INTO acore_world.forge_talent_ranks (talentSpellId, talentTabId, `rank`, spellId) VALUES(1020000, 1, 2, 1020001);
INSERT INTO acore_world.forge_talent_ranks (talentSpellId, talentTabId, `rank`, spellId) VALUES(1020007, 1, 1, 1020007);
INSERT INTO acore_world.forge_talent_ranks (talentSpellId, talentTabId, `rank`, spellId) VALUES(1020009, 1, 1, 1020009);
INSERT INTO acore_world.forge_talent_ranks (talentSpellId, talentTabId, `rank`, spellId) VALUES(1020009, 1, 2, 1020010);
INSERT INTO acore_world.forge_talent_ranks (talentSpellId, talentTabId, `rank`, spellId) VALUES(1020011, 1, 1, 1020011);
INSERT INTO acore_world.forge_talent_ranks (talentSpellId, talentTabId, `rank`, spellId) VALUES(1020012, 1, 1, 1020012);
INSERT INTO acore_world.forge_talent_ranks (talentSpellId, talentTabId, `rank`, spellId) VALUES(1020024, 1, 1, 1020024);
INSERT INTO acore_world.forge_talent_ranks (talentSpellId, talentTabId, `rank`, spellId) VALUES(1020028, 1, 1, 1020028);
INSERT INTO acore_world.forge_talent_ranks (talentSpellId, talentTabId, `rank`, spellId) VALUES(1020032, 1, 1, 1020032);
INSERT INTO acore_world.forge_talent_ranks (talentSpellId, talentTabId, `rank`, spellId) VALUES(1020038, 1, 1, 1020038);
INSERT INTO acore_world.forge_talent_ranks (talentSpellId, talentTabId, `rank`, spellId) VALUES(1020047, 1, 1, 1020047);
INSERT INTO acore_world.forge_talent_ranks (talentSpellId, talentTabId, `rank`, spellId) VALUES(1020050, 1, 1, 1020050);
INSERT INTO acore_world.forge_talent_ranks (talentSpellId, talentTabId, `rank`, spellId) VALUES(1020052, 1, 1, 1020052);
INSERT INTO acore_world.forge_talent_ranks (talentSpellId, talentTabId, `rank`, spellId) VALUES(1020055, 1, 1, 1020055);
INSERT INTO acore_world.forge_talent_ranks (talentSpellId, talentTabId, `rank`, spellId) VALUES(1020059, 1, 1, 1020059);
INSERT INTO acore_world.forge_talent_ranks (talentSpellId, talentTabId, `rank`, spellId) VALUES(1020060, 1, 1, 1020060);
INSERT INTO acore_world.forge_talent_ranks (talentSpellId, talentTabId, `rank`, spellId) VALUES(1020062, 1, 1, 1020062);
INSERT INTO acore_world.forge_talent_ranks (talentSpellId, talentTabId, `rank`, spellId) VALUES(1020064, 1, 1, 1020064);
INSERT INTO acore_world.forge_talent_ranks (talentSpellId, talentTabId, `rank`, spellId) VALUES(1020067, 1, 1, 1020067);
INSERT INTO acore_world.forge_talent_ranks (talentSpellId, talentTabId, `rank`, spellId) VALUES(1020069, 1, 1, 1020069);
INSERT INTO acore_world.forge_talent_ranks (talentSpellId, talentTabId, `rank`, spellId) VALUES(1020071, 1, 1, 1020071);
INSERT INTO acore_world.forge_talent_ranks (talentSpellId, talentTabId, `rank`, spellId) VALUES(1020077, 1, 1, 1020077);
INSERT INTO acore_world.forge_talent_ranks (talentSpellId, talentTabId, `rank`, spellId) VALUES(1020080, 1, 1, 1020080);
INSERT INTO acore_world.forge_talent_ranks (talentSpellId, talentTabId, `rank`, spellId) VALUES(1020084, 1, 1, 1020084);
INSERT INTO acore_world.forge_talent_ranks (talentSpellId, talentTabId, `rank`, spellId) VALUES(1020085, 1, 1, 1020085);
INSERT INTO acore_world.forge_talent_ranks (talentSpellId, talentTabId, `rank`, spellId) VALUES(1020086, 1, 1, 1020086);
INSERT INTO acore_world.forge_talent_ranks (talentSpellId, talentTabId, `rank`, spellId) VALUES(1020090, 1, 1, 1020090);
